location,city,country,utc,local,parameter,value,unit,latitude,longitude,attribution
US Diplomatic Post: Chennai,Chennai,IN,2019-12-19T18:30:00.000Z,2019-12-20T00:00:00+05:30,pm25,47,µg/m³,13.08784,80.27847,"[{""name"":""EPA AirNow DOS"",""url"":""http://airnow.gov/index.cfm?action=airnow.global_summary""}]"
US Diplomatic Post: Kolkata,Kolkata,IN,2019-12-19T18:30:00.000Z,2019-12-20T00:00:00+05:30,pm25,131,µg/m³,22.56263,88.36304,"[{""name"":""EPA AirNow DOS"",""url"":""http://airnow.gov/index.cfm?action=airnow.global_summary""}]"
US Diplomatic Post: Hyderabad,Hyderabad,IN,2019-12-19T18:30:00.000Z,2019-12-20T00:00:00+05:30,pm25,94,µg/m³,17.38405,78.45636,"[{""name"":""EPA AirNow DOS"",""url"":""http://airnow.gov/index.cfm?action=airnow.global_summary""}]"
"Sector-10, Gandhinagar - GPCB",GandhiNagar,IN,2019-12-19T18:30:00.000Z,2019-12-20T00:00:00+05:30,pm25,96.37,µg/m³,23.221714,72.654328,"[{""name"":""Central Pollution Control Board"",""url"":""https://app.cpcbccr.com/ccr/#/caaqm-dashboard-all/caaqm-landing""}]"
"Sector-12, Karnal - HSPCB",Karnal,IN,2019-12-19T18:30:00.000Z,2019-12-20T00:00:00+05:30,pm25,194.38,µg/m³,29.6953,77.0027,"[{""name"":""Central Pollution Control Board"",""url"":""https://app.cpcbccr.com/ccr/#/caaqm-dashboard-all/caaqm-landing""}]"
"Sector-7, Kurukshetra - HSPCB",Kurukshetra ,IN,2019-12-19T18:30:00.000Z,2019-12-20T00:00:00+05:30,pm25,153.02,µg/m³,29.966942,76.875879,"[{""name"":""Central Pollution Control Board"",""url"":""https://app.cpcbccr.com/ccr/#/caaqm-dashboard-all/caaqm-landing""}]"
"Vivek Vihar, Delhi - DPCC",Delhi,IN,2019-12-19T18:30:00.000Z,2019-12-20T00:00:00+05:30,pm25,510,µg/m³,28.672342,77.31526,"[{""name"":""Central Pollution Control Board"",""url"":""https://app.cpcbccr.com/ccr/#/caaqm-dashboard-all/caaqm-landing""}]"
"Najafgarh, Delhi - DPCC",Delhi,IN,2019-12-19T18:30:00.000Z,2019-12-20T00:00:00+05:30,pm25,223,µg/m³,28.570173,76.933762,"[{""name"":""Central Pollution Control Board"",""url"":""https://app.cpcbccr.com/ccr/#/caaqm-dashboard-all/caaqm-landing""}]"
"Okhla Phase-2, Delhi - DPCC",Delhi,IN,2019-12-19T18:30:00.000Z,2019-12-20T00:00:00+05:30,pm25,499,µg/m³,28.530785,77.271255,"[{""name"":""Central Pollution Control Board"",""url"":""https://app.cpcbccr.com/ccr/#/caaqm-dashboard-all/caaqm-landing""}]"
"Anand Vihar, Delhi - DPCC",Delhi,IN,2019-12-19T18:30:00.000Z,2019-12-20T00:00:00+05:30,pm25,491,µg/m³,28.646835,77.316032,"[{""name"":""Central Pollution Control Board"",""url"":""https://app.cpcbccr.com/ccr/#/caaqm-dashboard-all/caaqm-landing""}]"
"Punjab Agricultural University, Ludhiana - PPCB",Ludhiana,IN,2019-12-19T18:30:00.000Z,2019-12-20T00:00:00+05:30,pm25,82.64,µg/m³,30.9028,75.8086,"[{""name"":""Central Pollution Control Board"",""url"":""https://app.cpcbccr.com/ccr/#/caaqm-dashboard-all/caaqm-landing""}]"
"Punjabi Bagh, Delhi - DPCC",Delhi,IN,2019-12-19T18:30:00.000Z,2019-12-20T00:00:00+05:30,pm25,371,µg/m³,28.674045,77.131023,"[{""name"":""Central Pollution Control Board"",""url"":""https://app.cpcbccr.com/ccr/#/caaqm-dashboard-all/caaqm-landing""}]"
US Diplomatic Post: Mumbai,Mumbai,IN,2019-12-19T18:30:00.000Z,2019-12-20T00:00:00+05:30,pm25,89,µg/m³,19.07283,72.88261,"[{""name"":""EPA AirNow DOS"",""url"":""http://airnow.gov/index.cfm?action=airnow.global_summary""}]"
"Shyam Nagar, Palwal - HSPCB",Palwal ,IN,2019-12-19T18:30:00.000Z,2019-12-20T00:00:00+05:30,pm25,199.74,µg/m³,28.1485564,77.3300667,"[{""name"":""Central Pollution Control Board"",""url"":""https://app.cpcbccr.com/ccr/#/caaqm-dashboard-all/caaqm-landing""}]"
"Gobind Pura, Yamuna Nagar - HSPCB",Yamunanagar,IN,2019-12-19T18:30:00.000Z,2019-12-20T00:00:00+05:30,pm25,111.9,µg/m³,30.1480566,77.2893471,"[{""name"":""Central Pollution Control Board"",""url"":""https://app.cpcbccr.com/ccr/#/caaqm-dashboard-all/caaqm-landing""}]"
"H.B. Colony, Bhiwani - HSPCB",Bhiwani,IN,2019-12-19T18:30:00.000Z,2019-12-20T00:00:00+05:30,pm25,215.1,µg/m³,28.806223,76.141105,"[{""name"":""Central Pollution Control Board"",""url"":""https://app.cpcbccr.com/ccr/#/caaqm-dashboard-all/caaqm-landing""}]"
"Municipal Corporation Office, Dharuhera -  HSPCB",Dharuhera,IN,2019-12-19T18:30:00.000Z,2019-12-20T00:00:00+05:30,pm25,150.11,µg/m³,28.2068,76.7997,"[{""name"":""Central Pollution Control Board"",""url"":""https://app.cpcbccr.com/ccr/#/caaqm-dashboard-all/caaqm-landing""}]"
"Arya Nagar, Bahadurgarh - HSPCB",Bahadurgarh ,IN,2019-12-19T18:30:00.000Z,2019-12-20T00:00:00+05:30,pm25,146.2,µg/m³,28.6701,76.9254,"[{""name"":""Central Pollution Control Board"",""url"":""https://app.cpcbccr.com/ccr/#/caaqm-dashboard-all/caaqm-landing""}]"
"Murthal, Sonipat - HSPCB",Sonipat,IN,2019-12-19T18:30:00.000Z,2019-12-20T00:00:00+05:30,pm25,26.54,µg/m³,29.0272,77.0669191,"[{""name"":""Central Pollution Control Board"",""url"":""https://app.cpcbccr.com/ccr/#/caaqm-dashboard-all/caaqm-landing""}]"
"Sector-2 IMT, Manesar - HSPCB",Manesar ,IN,2019-12-19T18:30:00.000Z,2019-12-20T00:00:00+05:30,pm25,129.7,µg/m³,28.360699,76.93609,"[{""name"":""Central Pollution Control Board"",""url"":""https://app.cpcbccr.com/ccr/#/caaqm-dashboard-all/caaqm-landing""}]"
"Lal Bahadur Shastri Nagar, Kalaburagi - KSPCB",Kalaburagi,IN,2019-12-19T18:30:00.000Z,2019-12-20T00:00:00+05:30,pm25,56.27,µg/m³,17.320057,76.820889,"[{""name"":""Central Pollution Control Board"",""url"":""https://app.cpcbccr.com/ccr/#/caaqm-dashboard-all/caaqm-landing""}]"
"Bawana, Delhi - DPCC",Delhi,IN,2019-12-19T18:30:00.000Z,2019-12-20T00:00:00+05:30,pm25,376,µg/m³,28.7762,77.051074,"[{""name"":""Central Pollution Control Board"",""url"":""https://app.cpcbccr.com/ccr/#/caaqm-dashboard-all/caaqm-landing""}]"
"Hardev Nagar, Bathinda - PPCB",Bathinda ,IN,2019-12-19T18:30:00.000Z,2019-12-20T00:00:00+05:30,pm25,69.42,µg/m³,30.233011,74.907758,"[{""name"":""Central Pollution Control Board"",""url"":""https://app.cpcbccr.com/ccr/#/caaqm-dashboard-all/caaqm-landing""}]"
"Model Town, Patiala - PPCB",Patiala,IN,2019-12-19T18:30:00.000Z,2019-12-20T00:00:00+05:30,pm25,88.1,µg/m³,30.349388,76.366642,"[{""name"":""Central Pollution Control Board"",""url"":""https://app.cpcbccr.com/ccr/#/caaqm-dashboard-all/caaqm-landing""}]"
"Kalal Majra, Khanna - PPCB",Khanna,IN,2019-12-19T18:30:00.000Z,2019-12-20T00:00:00+05:30,pm25,50.72,µg/m³,30.736056,76.209694,"[{""name"":""Central Pollution Control Board"",""url"":""https://app.cpcbccr.com/ccr/#/caaqm-dashboard-all/caaqm-landing""}]"
"Deshpande Nagar, Hubballi - KSPCB",Hubballi,IN,2019-12-19T18:30:00.000Z,2019-12-20T00:00:00+05:30,pm25,50,µg/m³,15.351773,75.140726,"[{""name"":""Central Pollution Control Board"",""url"":""https://app.cpcbccr.com/ccr/#/caaqm-dashboard-all/caaqm-landing""}]"
"Patparganj, Delhi - DPCC",Delhi,IN,2019-12-19T18:30:00.000Z,2019-12-20T00:00:00+05:30,pm25,354,µg/m³,28.623748,77.287205,"[{""name"":""Central Pollution Control Board"",""url"":""https://app.cpcbccr.com/ccr/#/caaqm-dashboard-all/caaqm-landing""}]"
"Sonia Vihar, Delhi - DPCC",Delhi,IN,2019-12-19T18:30:00.000Z,2019-12-20T00:00:00+05:30,pm25,357,µg/m³,28.710508,77.249485,"[{""name"":""Central Pollution Control Board"",""url"":""https://app.cpcbccr.com/ccr/#/caaqm-dashboard-all/caaqm-landing""}]"
"Rohini, Delhi - DPCC",Delhi,IN,2019-12-19T18:30:00.000Z,2019-12-20T00:00:00+05:30,pm25,503,µg/m³,28.732528,77.11992,"[{""name"":""Central Pollution Control Board"",""url"":""https://app.cpcbccr.com/ccr/#/caaqm-dashboard-all/caaqm-landing""}]"
"Nehru Nagar, Delhi - DPCC",Delhi,IN,2019-12-19T18:30:00.000Z,2019-12-20T00:00:00+05:30,pm25,370,µg/m³,28.56789,77.250515,"[{""name"":""Central Pollution Control Board"",""url"":""https://app.cpcbccr.com/ccr/#/caaqm-dashboard-all/caaqm-landing""}]"
"Major Dhyan Chand National Stadium, Delhi - DPCC",Delhi,IN,2019-12-19T18:30:00.000Z,2019-12-20T00:00:00+05:30,pm25,77,µg/m³,28.611281,77.237738,"[{""name"":""Central Pollution Control Board"",""url"":""https://app.cpcbccr.com/ccr/#/caaqm-dashboard-all/caaqm-landing""}]"
"Jawaharlal Nehru Stadium, Delhi - DPCC",Delhi,IN,2019-12-19T18:30:00.000Z,2019-12-20T00:00:00+05:30,pm25,353,µg/m³,28.58028,77.233829,"[{""name"":""Central Pollution Control Board"",""url"":""https://app.cpcbccr.com/ccr/#/caaqm-dashboard-all/caaqm-landing""}]"
"Jahangirpuri, Delhi - DPCC",Delhi,IN,2019-12-19T18:30:00.000Z,2019-12-20T00:00:00+05:30,pm25,469,µg/m³,28.73282,77.170633,"[{""name"":""Central Pollution Control Board"",""url"":""https://app.cpcbccr.com/ccr/#/caaqm-dashboard-all/caaqm-landing""}]"
"Dr. Karni Singh Shooting Range, Delhi - DPCC",Delhi,IN,2019-12-19T18:30:00.000Z,2019-12-20T00:00:00+05:30,pm25,248,µg/m³,28.498571,77.26484,"[{""name"":""Central Pollution Control Board"",""url"":""https://app.cpcbccr.com/ccr/#/caaqm-dashboard-all/caaqm-landing""}]"
"Ward-32 Bapupara, Siliguri - WBPCB",Siliguri,IN,2019-12-19T18:30:00.000Z,2019-12-20T00:00:00+05:30,pm25,139.7,µg/m³,26.6883049,88.412668,"[{""name"":""Central Pollution Control Board"",""url"":""https://app.cpcbccr.com/ccr/#/caaqm-dashboard-all/caaqm-landing""}]"
"Dwarka-Sector 8, Delhi - DPCC ",Delhi,IN,2019-12-19T18:30:00.000Z,2019-12-20T00:00:00+05:30,pm25,372,µg/m³,28.5710274,77.0719006,"[{""name"":""Central Pollution Control Board"",""url"":""https://app.cpcbccr.com/ccr/#/caaqm-dashboard-all/caaqm-landing""}]"
"Asansol Court Area, Asansol - WBPCB",Asansol,IN,2019-12-19T18:30:00.000Z,2019-12-20T00:00:00+05:30,pm25,72.29,µg/m³,23.685297,86.945968,"[{""name"":""Central Pollution Control Board"",""url"":""https://app.cpcbccr.com/ccr/#/caaqm-dashboard-all/caaqm-landing""}]"
"Shastri Nagar, Jaipur - RSPCB",Jaipur,IN,2019-12-19T18:30:00.000Z,2019-12-20T00:00:00+05:30,pm25,33,µg/m³,26.9502929,75.730943,"[{""name"":""Central Pollution Control Board"",""url"":""https://app.cpcbccr.com/ccr/#/caaqm-dashboard-all/caaqm-landing""}]"
"Indira Colony Vistar, Pali - RSPCB",Pali,IN,2019-12-19T18:30:00.000Z,2019-12-20T00:00:00+05:30,pm25,39.5,µg/m³,25.771061,73.340227,"[{""name"":""Central Pollution Control Board"",""url"":""https://app.cpcbccr.com/ccr/#/caaqm-dashboard-all/caaqm-landing""}]"
"Adarsh Nagar, Jaipur - RSPCB",Jaipur,IN,2019-12-19T18:30:00.000Z,2019-12-20T00:00:00+05:30,pm25,32.84,µg/m³,26.902909,75.836853,"[{""name"":""Central Pollution Control Board"",""url"":""https://app.cpcbccr.com/ccr/#/caaqm-dashboard-all/caaqm-landing""}]"
"RIICO Ind. Area III, Bhiwadi - RSPCB",Bhiwadi,IN,2019-12-19T18:30:00.000Z,2019-12-20T00:00:00+05:30,pm25,181.81,µg/m³,28.194909,76.862296,"[{""name"":""Central Pollution Control Board"",""url"":""https://app.cpcbccr.com/ccr/#/caaqm-dashboard-all/caaqm-landing""}]"
"Civil Lines,  Ajmer - RSPCB",Ajmer,IN,2019-12-19T18:30:00.000Z,2019-12-20T00:00:00+05:30,pm25,29.8,µg/m³,26.470859,74.646594,"[{""name"":""Central Pollution Control Board"",""url"":""https://app.cpcbccr.com/ccr/#/caaqm-dashboard-all/caaqm-landing""}]"
"Maninagar, Ahmedabad - GPCB",Ahmedabad,IN,2019-12-19T18:30:00.000Z,2019-12-20T00:00:00+05:30,pm25,202.42,µg/m³,23.002657,72.591912,"[{""name"":""Central Pollution Control Board"",""url"":""https://app.cpcbccr.com/ccr/#/caaqm-dashboard-all/caaqm-landing""}]"
"Victoria, Kolkata - WBPCB",Kolkata,IN,2019-12-19T18:30:00.000Z,2019-12-20T00:00:00+05:30,pm25,86.5,µg/m³,22.5448082,88.3403691,"[{""name"":""Central Pollution Control Board"",""url"":""https://app.cpcbccr.com/ccr/#/caaqm-dashboard-all/caaqm-landing""}]"
"Opp GPO Civil Lines, Nagpur - MPCB",Nagpur,IN,2019-12-19T18:30:00.000Z,2019-12-20T00:00:00+05:30,pm25,64.06,µg/m³,21.152875,79.0517531,"[{""name"":""Central Pollution Control Board"",""url"":""https://app.cpcbccr.com/ccr/#/caaqm-dashboard-all/caaqm-landing""}]"
"Solapur, Solapur - MPCB",Solapur,IN,2019-12-19T18:30:00.000Z,2019-12-20T00:00:00+05:30,pm25,40.39,µg/m³,17.6599188,75.9063906,"[{""name"":""Central Pollution Control Board"",""url"":""https://app.cpcbccr.com/ccr/#/caaqm-dashboard-all/caaqm-landing""}]"
"Ghusuri, Howrah - WBPCB",Howrah,IN,2019-12-19T18:30:00.000Z,2019-12-20T00:00:00+05:30,pm25,150,µg/m³,22.611968,88.347422,"[{""name"":""Central Pollution Control Board"",""url"":""https://app.cpcbccr.com/ccr/#/caaqm-dashboard-all/caaqm-landing""}]"
"Central University, Hyderabad - TSPCB",Hyderabad,IN,2019-12-19T18:30:00.000Z,2019-12-20T00:00:00+05:30,pm25,78,µg/m³,17.460103,78.334361,"[{""name"":""Central Pollution Control Board"",""url"":""https://app.cpcbccr.com/ccr/#/caaqm-dashboard-all/caaqm-landing""}]"
"Golden Temple, Amritsar - PPCB",Amritsar,IN,2019-12-19T18:30:00.000Z,2019-12-20T00:00:00+05:30,pm25,76.8,µg/m³,31.62,74.876512,"[{""name"":""Central Pollution Control Board"",""url"":""https://app.cpcbccr.com/ccr/#/caaqm-dashboard-all/caaqm-landing""}]"
"RIMT University, Mandi Gobindgarh - PPCB",Mandi Gobindgarh,IN,2019-12-19T18:30:00.000Z,2019-12-20T00:00:00+05:30,pm25,86.92,µg/m³,30.649961,76.331442,"[{""name"":""Central Pollution Control Board"",""url"":""https://app.cpcbccr.com/ccr/#/caaqm-dashboard-all/caaqm-landing""}]"
"Police Commissionerate, Jaipur - RSPCB",Jaipur,IN,2019-12-19T18:30:00.000Z,2019-12-20T00:00:00+05:30,pm25,72.2,µg/m³,26.9164092,75.7994901,"[{""name"":""Central Pollution Control Board"",""url"":""https://app.cpcbccr.com/ccr/#/caaqm-dashboard-all/caaqm-landing""}]"
"More Chowk Waluj, Aurangabad - MPCB",Aurangabad,IN,2019-12-19T18:30:00.000Z,2019-12-20T00:00:00+05:30,pm25,69.99,µg/m³,19.8389439,75.244448,"[{""name"":""Central Pollution Control Board"",""url"":""https://app.cpcbccr.com/ccr/#/caaqm-dashboard-all/caaqm-landing""}]"
"Collectorate, Jodhpur - RSPCB",Jodhpur,IN,2019-12-19T18:30:00.000Z,2019-12-20T00:00:00+05:30,pm25,72.65,µg/m³,26.268249,73.0193853,"[{""name"":""Central Pollution Control Board"",""url"":""https://app.cpcbccr.com/ccr/#/caaqm-dashboard-all/caaqm-landing""}]"
"Peenya, Bengaluru - CPCB",Bengaluru,IN,2019-12-19T18:30:00.000Z,2019-12-20T00:00:00+05:30,pm25,36.07,µg/m³,13.0270199,77.494094,"[{""name"":""Central Pollution Control Board"",""url"":""https://app.cpcbccr.com/ccr/#/caaqm-dashboard-all/caaqm-landing""}]"
"Sirifort, Delhi - CPCB",Delhi,IN,2019-12-19T18:30:00.000Z,2019-12-20T00:00:00+05:30,pm25,325,µg/m³,28.5504249,77.2159377,"[{""name"":""Central Pollution Control Board"",""url"":""https://app.cpcbccr.com/ccr/#/caaqm-dashboard-all/caaqm-landing""}]"
"Mandir Marg, Delhi - DPCC",Delhi,IN,2019-12-19T18:30:00.000Z,2019-12-20T00:00:00+05:30,pm25,273,µg/m³,28.636429,77.201067,"[{""name"":""Central Pollution Control Board"",""url"":""https://app.cpcbccr.com/ccr/#/caaqm-dashboard-all/caaqm-landing""}]"
"Shadipur, Delhi - CPCB",Delhi,IN,2019-12-19T18:30:00.000Z,2019-12-20T00:00:00+05:30,pm25,289.31,µg/m³,28.6514781,77.1473105,"[{""name"":""Central Pollution Control Board"",""url"":""https://app.cpcbccr.com/ccr/#/caaqm-dashboard-all/caaqm-landing""}]"
"DTU, Delhi - CPCB",Delhi,IN,2019-12-19T18:30:00.000Z,2019-12-20T00:00:00+05:30,pm25,467.65,µg/m³,28.7500499,77.1112615,"[{""name"":""Central Pollution Control Board"",""url"":""https://app.cpcbccr.com/ccr/#/caaqm-dashboard-all/caaqm-landing""}]"
"Khadakpada, Kalyan - MPCB",Kalyan,IN,2019-12-19T18:30:00.000Z,2019-12-20T00:00:00+05:30,pm25,62.77,µg/m³,19.25292,73.142019,"[{""name"":""Central Pollution Control Board"",""url"":""https://app.cpcbccr.com/ccr/#/caaqm-dashboard-all/caaqm-landing""}]"
"Borivali East, Mumbai - MPCB",Mumbai,IN,2019-12-19T18:30:00.000Z,2019-12-20T00:00:00+05:30,pm25,74.38,µg/m³,19.2243333,72.8658113,"[{""name"":""Central Pollution Control Board"",""url"":""https://app.cpcbccr.com/ccr/#/caaqm-dashboard-all/caaqm-landing""}]"
"Powai, Mumbai - MPCB",Mumbai,IN,2019-12-19T18:30:00.000Z,2019-12-20T00:00:00+05:30,pm25,83.47,µg/m³,19.1375,72.915056,"[{""name"":""Central Pollution Control Board"",""url"":""https://app.cpcbccr.com/ccr/#/caaqm-dashboard-all/caaqm-landing""}]"
"Jadavpur, Kolkata - WBPCB",Kolkata,IN,2019-12-19T18:30:00.000Z,2019-12-20T00:00:00+05:30,pm25,49.1,µg/m³,22.49929,88.36917,"[{""name"":""Central Pollution Control Board"",""url"":""https://app.cpcbccr.com/ccr/#/caaqm-dashboard-all/caaqm-landing""}]"
"Chhatrapati Shivaji Intl. Airport (T2), Mumbai - MPCB",Mumbai,IN,2019-12-19T18:30:00.000Z,2019-12-20T00:00:00+05:30,pm25,113,µg/m³,19.10078,72.87462,"[{""name"":""Central Pollution Control Board"",""url"":""https://app.cpcbccr.com/ccr/#/caaqm-dashboard-all/caaqm-landing""}]"
"Nerul, Navi Mumbai - MPCB",Navi Mumbai,IN,2019-12-19T18:30:00.000Z,2019-12-20T00:00:00+05:30,pm25,111.92,µg/m³,19.008751,73.01662,"[{""name"":""Central Pollution Control Board"",""url"":""https://app.cpcbccr.com/ccr/#/caaqm-dashboard-all/caaqm-landing""}]"
"Kurla, Mumbai - MPCB",Mumbai,IN,2019-12-19T18:30:00.000Z,2019-12-20T00:00:00+05:30,pm25,111,µg/m³,19.0863,72.8888,"[{""name"":""Central Pollution Control Board"",""url"":""https://app.cpcbccr.com/ccr/#/caaqm-dashboard-all/caaqm-landing""}]"
"Vasai West, Mumbai - MPCB",Mumbai,IN,2019-12-19T18:30:00.000Z,2019-12-20T00:00:00+05:30,pm25,106,µg/m³,19.3832,72.8204,"[{""name"":""Central Pollution Control Board"",""url"":""https://app.cpcbccr.com/ccr/#/caaqm-dashboard-all/caaqm-landing""}]"
"Rishi Nagar, Kaithal - HSPCB",Kaithal,IN,2019-12-19T18:30:00.000Z,2019-12-20T00:00:00+05:30,pm25,96.4,µg/m³,29.8006,76.4155,"[{""name"":""Central Pollution Control Board"",""url"":""https://app.cpcbccr.com/ccr/#/caaqm-dashboard-all/caaqm-landing""}]"
"Police Lines, Jind - HSPCB",Jind,IN,2019-12-19T18:30:00.000Z,2019-12-20T00:00:00+05:30,pm25,159.6,µg/m³,29.307814,76.337619,"[{""name"":""Central Pollution Control Board"",""url"":""https://app.cpcbccr.com/ccr/#/caaqm-dashboard-all/caaqm-landing""}]"
"Nathu Colony, Ballabgarh - HSPCB",Ballabgarh,IN,2019-12-19T18:30:00.000Z,2019-12-20T00:00:00+05:30,pm25,248.91,µg/m³,28.3419248,77.319699,"[{""name"":""Central Pollution Control Board"",""url"":""https://app.cpcbccr.com/ccr/#/caaqm-dashboard-all/caaqm-landing""}]"
"Huda Sector, Fatehabad - HSPCB",Fatehabad ,IN,2019-12-19T18:30:00.000Z,2019-12-20T00:00:00+05:30,pm25,0,µg/m³,29.503664,75.467934,"[{""name"":""Central Pollution Control Board"",""url"":""https://app.cpcbccr.com/ccr/#/caaqm-dashboard-all/caaqm-landing""}]"
"Shastri Nagar, Narnaul - HSPCB",Narnaul,IN,2019-12-19T18:30:00.000Z,2019-12-20T00:00:00+05:30,pm25,133.5,µg/m³,28.060249,76.113115,"[{""name"":""Central Pollution Control Board"",""url"":""https://app.cpcbccr.com/ccr/#/caaqm-dashboard-all/caaqm-landing""}]"
"F-Block, Sirsa - HSPCB",Sirsa ,IN,2019-12-19T18:30:00.000Z,2019-12-20T00:00:00+05:30,pm25,63.3,µg/m³,29.5364,75.0158,"[{""name"":""Central Pollution Control Board"",""url"":""https://app.cpcbccr.com/ccr/#/caaqm-dashboard-all/caaqm-landing""}]"
"Patti Mehar, Ambala - HSPCB",Ambala ,IN,2019-12-19T18:30:00.000Z,2019-12-20T00:00:00+05:30,pm25,132.6,µg/m³,30.379589,76.778328,"[{""name"":""Central Pollution Control Board"",""url"":""https://app.cpcbccr.com/ccr/#/caaqm-dashboard-all/caaqm-landing""}]"
"Sector-18, Panipat - HSPCB",Panipat,IN,2019-12-19T18:30:00.000Z,2019-12-20T00:00:00+05:30,pm25,195.3,µg/m³,29.497973,76.993331,"[{""name"":""Central Pollution Control Board"",""url"":""https://app.cpcbccr.com/ccr/#/caaqm-dashboard-all/caaqm-landing""}]"
"Chikkaballapur Rural, Chikkaballapur - KSPCB",Chikkaballapur,IN,2019-12-19T18:30:00.000Z,2019-12-20T00:00:00+05:30,pm25,31,µg/m³,13.428828,77.731418,"[{""name"":""Central Pollution Control Board"",""url"":""https://app.cpcbccr.com/ccr/#/caaqm-dashboard-all/caaqm-landing""}]"
"Hombegowda Nagar, Bengaluru - KSPCB",Bengaluru,IN,2019-12-19T18:30:00.000Z,2019-12-20T00:00:00+05:30,pm25,38,µg/m³,12.938539,77.5901,"[{""name"":""Central Pollution Control Board"",""url"":""https://app.cpcbccr.com/ccr/#/caaqm-dashboard-all/caaqm-landing""}]"
"Jayanagar 5th Block, Bengaluru - KSPCB",Bengaluru,IN,2019-12-19T18:30:00.000Z,2019-12-20T00:00:00+05:30,pm25,43,µg/m³,12.920984,77.584908,"[{""name"":""Central Pollution Control Board"",""url"":""https://app.cpcbccr.com/ccr/#/caaqm-dashboard-all/caaqm-landing""}]"
"Bapuji Nagar, Bengaluru - KSPCB",Bengaluru,IN,2019-12-19T18:30:00.000Z,2019-12-20T00:00:00+05:30,pm25,33,µg/m³,12.951913,77.539784,"[{""name"":""Central Pollution Control Board"",""url"":""https://app.cpcbccr.com/ccr/#/caaqm-dashboard-all/caaqm-landing""}]"
"Vile Parle West, Mumbai - MPCB",Mumbai,IN,2019-12-19T18:30:00.000Z,2019-12-20T00:00:00+05:30,pm25,113.93,µg/m³,19.10861,72.83622,"[{""name"":""Central Pollution Control Board"",""url"":""https://app.cpcbccr.com/ccr/#/caaqm-dashboard-all/caaqm-landing""}]"
"Udyogamandal, Eloor - Kerala PCB",Eloor,IN,2019-12-19T18:30:00.000Z,2019-12-20T00:00:00+05:30,pm25,2,µg/m³,10.073232,76.302765,"[{""name"":""Central Pollution Control Board"",""url"":""https://app.cpcbccr.com/ccr/#/caaqm-dashboard-all/caaqm-landing""}]"
"Phase-4 GIDC, Vatva - GPCB",Vatva,IN,2019-12-19T18:30:00.000Z,2019-12-20T00:00:00+05:30,pm25,213.64,µg/m³,22.969611,72.6435,"[{""name"":""Central Pollution Control Board"",""url"":""https://app.cpcbccr.com/ccr/#/caaqm-dashboard-all/caaqm-landing""}]"
"Urban Estate-II, Hisar - HSPCB",Hisar,IN,2019-12-19T18:30:00.000Z,2019-12-20T00:00:00+05:30,pm25,152.8,µg/m³,29.14056,75.744941,"[{""name"":""Central Pollution Control Board"",""url"":""https://app.cpcbccr.com/ccr/#/caaqm-dashboard-all/caaqm-landing""}]"
"Hebbal, Bengaluru - KSPCB",Bengaluru,IN,2019-12-19T18:30:00.000Z,2019-12-20T00:00:00+05:30,pm25,43,µg/m³,13.029152,77.585901,"[{""name"":""Central Pollution Control Board"",""url"":""https://app.cpcbccr.com/ccr/#/caaqm-dashboard-all/caaqm-landing""}]"
"Ratanpura, Rupnagar - Ambuja Cements",Rupnagar,IN,2019-12-19T18:30:00.000Z,2019-12-20T00:00:00+05:30,pm25,58.45,µg/m³,31.0325454,76.5623046,"[{""name"":""Central Pollution Control Board"",""url"":""https://app.cpcbccr.com/ccr/#/caaqm-dashboard-all/caaqm-landing""}]"
"Yamunapuram, Bulandshahr - UPPCB",Bulandshahr,IN,2019-12-19T18:30:00.000Z,2019-12-20T00:00:00+05:30,pm25,112,µg/m³,28.406963,77.849831,"[{""name"":""Central Pollution Control Board"",""url"":""https://app.cpcbccr.com/ccr/#/caaqm-dashboard-all/caaqm-landing""}]"
"Knowledge Park - III, Greater Noida - UPPCB",Greater Noida,IN,2019-12-19T18:30:00.000Z,2019-12-20T00:00:00+05:30,pm25,290,µg/m³,28.47272,77.482,"[{""name"":""Central Pollution Control Board"",""url"":""https://app.cpcbccr.com/ccr/#/caaqm-dashboard-all/caaqm-landing""}]"
"Civil Line, Jalandhar - PPCB",Jalandhar,IN,2019-12-19T18:30:00.000Z,2019-12-20T00:00:00+05:30,pm25,58.08,µg/m³,31.321907,75.578914,"[{""name"":""Central Pollution Control Board"",""url"":""https://app.cpcbccr.com/ccr/#/caaqm-dashboard-all/caaqm-landing""}]"
"Secretariat, Amaravati - APPCB",Amaravati,IN,2019-12-19T18:30:00.000Z,2019-12-20T00:00:00+05:30,pm25,124,µg/m³,16.5150833,80.5181667,"[{""name"":""Central Pollution Control Board"",""url"":""https://app.cpcbccr.com/ccr/#/caaqm-dashboard-all/caaqm-landing""}]"
"Bhopal Chauraha, Dewas - MPPCB",Dewas,IN,2019-12-19T18:30:00.000Z,2019-12-20T00:00:00+05:30,pm25,51,µg/m³,22.9682591,76.064118,"[{""name"":""Central Pollution Control Board"",""url"":""https://app.cpcbccr.com/ccr/#/caaqm-dashboard-all/caaqm-landing""}]"
"Sector-D Industrial Area, Mandideep - MPPCB",Mandideep,IN,2019-12-19T18:30:00.000Z,2019-12-20T00:00:00+05:30,pm25,54,µg/m³,23.10844,77.511428,"[{""name"":""Central Pollution Control Board"",""url"":""https://app.cpcbccr.com/ccr/#/caaqm-dashboard-all/caaqm-landing""}]"
"Mahakaleshwar Temple, Ujjain - MPPCB",Ujjain,IN,2019-12-19T18:30:00.000Z,2019-12-20T00:00:00+05:30,pm25,91,µg/m³,23.182719,75.768218,"[{""name"":""Central Pollution Control Board"",""url"":""https://app.cpcbccr.com/ccr/#/caaqm-dashboard-all/caaqm-landing""}]"
"Ashok Nagar, Udaipur - RSPCB",Udaipur,IN,2019-12-19T18:30:00.000Z,2019-12-20T00:00:00+05:30,pm25,103.9,µg/m³,24.5886166,73.6321397,"[{""name"":""Central Pollution Control Board"",""url"":""https://app.cpcbccr.com/ccr/#/caaqm-dashboard-all/caaqm-landing""}]"
"Shrinath Puram, Kota - RSPCB",Kota,IN,2019-12-19T18:30:00.000Z,2019-12-20T00:00:00+05:30,pm25,86.1,µg/m³,25.14389,75.821256,"[{""name"":""Central Pollution Control Board"",""url"":""https://app.cpcbccr.com/ccr/#/caaqm-dashboard-all/caaqm-landing""}]"
"Moti Doongri, Alwar - RSPCB", Alwar,IN,2019-12-19T18:30:00.000Z,2019-12-20T00:00:00+05:30,pm25,48.28,µg/m³,27.554793,76.611536,"[{""name"":""Central Pollution Control Board"",""url"":""https://app.cpcbccr.com/ccr/#/caaqm-dashboard-all/caaqm-landing""}]"
"Manali, Chennai - CPCB",Chennai,IN,2019-12-19T18:30:00.000Z,2019-12-20T00:00:00+05:30,pm25,73.56,µg/m³,13.164544,80.26285,"[{""name"":""Central Pollution Control Board"",""url"":""https://app.cpcbccr.com/ccr/#/caaqm-dashboard-all/caaqm-landing""}]"
"Gangapur Road, Nashik - MPCB",Nashik,IN,2019-12-19T18:30:00.000Z,2019-12-20T00:00:00+05:30,pm25,109.95,µg/m³,20.0073285,73.7762427,"[{""name"":""Central Pollution Control Board"",""url"":""https://app.cpcbccr.com/ccr/#/caaqm-dashboard-all/caaqm-landing""}]"
"Zoo Park, Hyderabad - TSPCB",Hyderabad,IN,2019-12-19T18:30:00.000Z,2019-12-20T00:00:00+05:30,pm25,78,µg/m³,17.349694,78.451437,"[{""name"":""Central Pollution Control Board"",""url"":""https://app.cpcbccr.com/ccr/#/caaqm-dashboard-all/caaqm-landing""}]"
"Sanathnagar, Hyderabad - TSPCB",Hyderabad,IN,2019-12-19T18:30:00.000Z,2019-12-20T00:00:00+05:30,pm25,0,µg/m³,17.4559458,78.4332152,"[{""name"":""Central Pollution Control Board"",""url"":""https://app.cpcbccr.com/ccr/#/caaqm-dashboard-all/caaqm-landing""}]"
"MIDC Khutala, Chandrapur - MPCB",Chandrapur,IN,2019-12-19T18:30:00.000Z,2019-12-20T00:00:00+05:30,pm25,84.57,µg/m³,19.9775302,79.2337086,"[{""name"":""Central Pollution Control Board"",""url"":""https://app.cpcbccr.com/ccr/#/caaqm-dashboard-all/caaqm-landing""}]"
"Velachery Res. Area, Chennai - CPCB",Chennai,IN,2019-12-19T18:30:00.000Z,2019-12-20T00:00:00+05:30,pm25,36.2,µg/m³,13.0052189,80.2398125,"[{""name"":""Central Pollution Control Board"",""url"":""https://app.cpcbccr.com/ccr/#/caaqm-dashboard-all/caaqm-landing""}]"
"Lalbagh, Lucknow - CPCB",Lucknow,IN,2019-12-19T18:30:00.000Z,2019-12-20T00:00:00+05:30,pm25,245.6,µg/m³,26.8458805,80.9365541,"[{""name"":""Central Pollution Control Board"",""url"":""https://app.cpcbccr.com/ccr/#/caaqm-dashboard-all/caaqm-landing""}]"
"Nehru Nagar, Kanpur - UPPCB",Kanpur,IN,2019-12-19T18:30:00.000Z,2019-12-20T00:00:00+05:30,pm25,245,µg/m³,26.4703136,80.3229863,"[{""name"":""Central Pollution Control Board"",""url"":""https://app.cpcbccr.com/ccr/#/caaqm-dashboard-all/caaqm-landing""}]"
"IDA Pashamylaram, Hyderabad - TSPCB",Hyderabad,IN,2019-12-19T18:30:00.000Z,2019-12-20T00:00:00+05:30,pm25,84,µg/m³,17.5316895,78.218939,"[{""name"":""Central Pollution Control Board"",""url"":""https://app.cpcbccr.com/ccr/#/caaqm-dashboard-all/caaqm-landing""}]"
"Central School, Lucknow - CPCB",Lucknow,IN,2019-12-19T18:30:00.000Z,2019-12-20T00:00:00+05:30,pm25,126.35,µg/m³,26.8821003,80.9302753,"[{""name"":""Central Pollution Control Board"",""url"":""https://app.cpcbccr.com/ccr/#/caaqm-dashboard-all/caaqm-landing""}]"
"Bollaram Industrial Area, Hyderabad - TSPCB",Hyderabad,IN,2019-12-19T18:30:00.000Z,2019-12-20T00:00:00+05:30,pm25,77,µg/m³,17.540891,78.358528,"[{""name"":""Central Pollution Control Board"",""url"":""https://app.cpcbccr.com/ccr/#/caaqm-dashboard-all/caaqm-landing""}]"
"Sector-6, Panchkula - HSPCB ",Panchkula,IN,2019-12-19T18:30:00.000Z,2019-12-20T00:00:00+05:30,pm25,45.21,µg/m³,30.7057778,76.8531805555555,"[{""name"":""Central Pollution Control Board"",""url"":""https://app.cpcbccr.com/ccr/#/caaqm-dashboard-all/caaqm-landing""}]"
"Muzaffarpur Collectorate, Muzaffarpur - BSPCB",Muzaffarpur,IN,2019-12-19T18:30:00.000Z,2019-12-20T00:00:00+05:30,pm25,177,µg/m³,26.1209,85.3647,"[{""name"":""Central Pollution Control Board"",""url"":""https://app.cpcbccr.com/ccr/#/caaqm-dashboard-all/caaqm-landing""}]"
"IGSC Planetarium Complex, Patna - BSPCB",Patna,IN,2019-12-19T18:30:00.000Z,2019-12-20T00:00:00+05:30,pm25,194,µg/m³,25.5941,85.1376,"[{""name"":""Central Pollution Control Board"",""url"":""https://app.cpcbccr.com/ccr/#/caaqm-dashboard-all/caaqm-landing""}]"
"Chandrapur, Chandrapur - MPCB",Chandrapur,IN,2019-12-19T18:30:00.000Z,2019-12-20T00:00:00+05:30,pm25,58,µg/m³,19.645324,77.6345232,"[{""name"":""Central Pollution Control Board"",""url"":""https://app.cpcbccr.com/ccr/#/caaqm-dashboard-all/caaqm-landing""}]"
"Sector- 16A, Faridabad - HSPCB",Faridabad,IN,2019-12-19T18:30:00.000Z,2019-12-20T00:00:00+05:30,pm25,292,µg/m³,28.4088421,77.3099081,"[{""name"":""Central Pollution Control Board"",""url"":""https://app.cpcbccr.com/ccr/#/caaqm-dashboard-all/caaqm-landing""}]"
"GVM Corporation, Visakhapatnam - APPCB",Visakhapatnam,IN,2019-12-19T18:30:00.000Z,2019-12-20T00:00:00+05:30,pm25,70,µg/m³,17.72,83.3,"[{""name"":""Central Pollution Control Board"",""url"":""https://app.cpcbccr.com/ccr/#/caaqm-dashboard-all/caaqm-landing""}]"
"Tirumala, Tirupati - APPCB",Tirupati,IN,2019-12-19T18:30:00.000Z,2019-12-20T00:00:00+05:30,pm25,53,µg/m³,13.67,79.35,"[{""name"":""Central Pollution Control Board"",""url"":""https://app.cpcbccr.com/ccr/#/caaqm-dashboard-all/caaqm-landing""}]"
"Plammoodu, Thiruvananthapuram - Kerala PCB",Thiruvananthapuram,IN,2019-12-19T18:30:00.000Z,2019-12-20T00:00:00+05:30,pm25,35,µg/m³,8.5149093,76.9435879,"[{""name"":""Central Pollution Control Board"",""url"":""https://app.cpcbccr.com/ccr/#/caaqm-dashboard-all/caaqm-landing""}]"
"ICRISAT Patancheru, Hyderabad - TSPCB",Hyderabad,IN,2019-12-19T18:30:00.000Z,2019-12-20T00:00:00+05:30,pm25,82,µg/m³,17.4342359,78.4170318,"[{""name"":""Central Pollution Control Board"",""url"":""https://app.cpcbccr.com/ccr/#/caaqm-dashboard-all/caaqm-landing""}]"
"Tata Stadium, Jorapokhar - JSPCB",Jorapokhar,IN,2019-12-19T18:30:00.000Z,2019-12-20T00:00:00+05:30,pm25,95.2,µg/m³,23.707909,86.41467,"[{""name"":""Central Pollution Control Board"",""url"":""https://app.cpcbccr.com/ccr/#/caaqm-dashboard-all/caaqm-landing""}]"
"Collectorate, Gaya - BSPCB",Gaya,IN,2019-12-19T18:30:00.000Z,2019-12-20T00:00:00+05:30,pm25,117,µg/m³,24.7955,84.9994,"[{""name"":""Central Pollution Control Board"",""url"":""https://app.cpcbccr.com/ccr/#/caaqm-dashboard-all/caaqm-landing""}]"
"MD University, Rohtak - HSPCB",Rohtak,IN,2019-12-19T18:30:00.000Z,2019-12-20T00:00:00+05:30,pm25,171.78,µg/m³,28.870083,76.6205,"[{""name"":""Central Pollution Control Board"",""url"":""https://app.cpcbccr.com/ccr/#/caaqm-dashboard-all/caaqm-landing""}]"
US Diplomatic Post: New Delhi,Delhi,IN,2019-12-19T18:30:00.000Z,2019-12-20T00:00:00+05:30,pm25,309,µg/m³,28.63576,77.22445,"[{""name"":""EPA AirNow DOS"",""url"":""http://airnow.gov/index.cfm?action=airnow.global_summary""}]"
"Marhatal, Jabalpur - MPPCB",Jabalpur,IN,2019-12-19T18:30:00.000Z,2019-12-20T00:00:00+05:30,pm25,190,µg/m³,23.168606,79.932247,"[{""name"":""Central Pollution Control Board"",""url"":""https://app.cpcbccr.com/ccr/#/caaqm-dashboard-all/caaqm-landing""}]"
"T T Nagar, Bhopal - MPPCB",Bhopal,IN,2019-12-19T18:30:00.000Z,2019-12-20T00:00:00+05:30,pm25,110,µg/m³,23.233584,77.400574,"[{""name"":""Central Pollution Control Board"",""url"":""https://app.cpcbccr.com/ccr/#/caaqm-dashboard-all/caaqm-landing""}]"
"Hebbal 1st Stage, Mysuru - KSPCB",Mysuru,IN,2019-12-19T18:30:00.000Z,2019-12-20T00:00:00+05:30,pm25,27.79,µg/m³,12.3511441,76.6249171,"[{""name"":""Central Pollution Control Board"",""url"":""https://app.cpcbccr.com/ccr/#/caaqm-dashboard-all/caaqm-landing""}]"
"Sector-25, Chandigarh - CPCC",Chandigarh,IN,2019-12-19T18:30:00.000Z,2019-12-20T00:00:00+05:30,pm25,92.05,µg/m³,30.751462,76.762879,"[{""name"":""Central Pollution Control Board"",""url"":""https://app.cpcbccr.com/ccr/#/caaqm-dashboard-all/caaqm-landing""}]"
"Rabindra Sarobar, Kolkata - WBPCB",Kolkata,IN,2019-12-19T18:30:00.000Z,2019-12-20T00:00:00+05:30,pm25,64.9,µg/m³,22.51106,88.35142,"[{""name"":""Central Pollution Control Board"",""url"":""https://app.cpcbccr.com/ccr/#/caaqm-dashboard-all/caaqm-landing""}]"
"Sion, Mumbai - MPCB",Mumbai,IN,2019-12-19T18:30:00.000Z,2019-12-20T00:00:00+05:30,pm25,135.7,µg/m³,19.047,72.8746,"[{""name"":""Central Pollution Control Board"",""url"":""https://app.cpcbccr.com/ccr/#/caaqm-dashboard-all/caaqm-landing""}]"
"Bandra, Mumbai - MPCB",Mumbai,IN,2019-12-19T18:30:00.000Z,2019-12-20T00:00:00+05:30,pm25,54.21,µg/m³,19.041847,72.865513,"[{""name"":""Central Pollution Control Board"",""url"":""https://app.cpcbccr.com/ccr/#/caaqm-dashboard-all/caaqm-landing""}]"
"Vikas Sadan, Gurugram - HSPCB",Gurugram,IN,2019-12-19T18:30:00.000Z,2019-12-20T00:00:00+05:30,pm25,148,µg/m³,28.4501238,77.0263051,"[{""name"":""Central Pollution Control Board"",""url"":""https://app.cpcbccr.com/ccr/#/caaqm-dashboard-all/caaqm-landing""}]"
"IHBAS, Dilshad Garden, Delhi - CPCB",Delhi,IN,2019-12-19T18:30:00.000Z,2019-12-20T00:00:00+05:30,pm25,285.1,µg/m³,28.6811736,77.3025234,"[{""name"":""Central Pollution Control Board"",""url"":""https://app.cpcbccr.com/ccr/#/caaqm-dashboard-all/caaqm-landing""}]"
"Sector - 125, Noida - UPPCB",Noida,IN,2019-12-19T18:30:00.000Z,2019-12-20T00:00:00+05:30,pm25,211,µg/m³,28.5447608,77.3231257,"[{""name"":""Central Pollution Control Board"",""url"":""https://app.cpcbccr.com/ccr/#/caaqm-dashboard-all/caaqm-landing""}]"
"NSIT Dwarka, Delhi - CPCB",Delhi,IN,2019-12-19T18:30:00.000Z,2019-12-20T00:00:00+05:30,pm25,298.47,µg/m³,28.60909,77.0325413,"[{""name"":""Central Pollution Control Board"",""url"":""https://app.cpcbccr.com/ccr/#/caaqm-dashboard-all/caaqm-landing""}]"
"ITO, Delhi - CPCB",Delhi,IN,2019-12-19T18:30:00.000Z,2019-12-20T00:00:00+05:30,pm25,342,µg/m³,28.6316945,77.2494387,"[{""name"":""Central Pollution Control Board"",""url"":""https://app.cpcbccr.com/ccr/#/caaqm-dashboard-all/caaqm-landing""}]"
"Gole Bazar, Katni - MPPCB",Katni,IN,2019-12-19T18:30:00.000Z,2019-12-20T00:00:00+05:30,pm25,130,µg/m³,23.833778,80.391222,"[{""name"":""Central Pollution Control Board"",""url"":""https://app.cpcbccr.com/ccr/#/caaqm-dashboard-all/caaqm-landing""}]"
"Chhoti Gwaltoli, Indore - MPPCB",Indore,IN,2019-12-19T18:30:00.000Z,2019-12-20T00:00:00+05:30,pm25,69,µg/m³,22.719444,75.870278,"[{""name"":""Central Pollution Control Board"",""url"":""https://app.cpcbccr.com/ccr/#/caaqm-dashboard-all/caaqm-landing""}]"
"Sector-116, Noida - UPPCB",Noida,IN,2019-12-19T18:30:00.000Z,2019-12-20T00:00:00+05:30,pm25,298,µg/m³,28.56923,77.393848,"[{""name"":""Central Pollution Control Board"",""url"":""https://app.cpcbccr.com/ccr/#/caaqm-dashboard-all/caaqm-landing""}]"
"Knowledge Park - V, Greater Noida - UPPCB",Greater Noida,IN,2019-12-19T18:30:00.000Z,2019-12-20T00:00:00+05:30,pm25,186,µg/m³,28.557054,77.453663,"[{""name"":""Central Pollution Control Board"",""url"":""https://app.cpcbccr.com/ccr/#/caaqm-dashboard-all/caaqm-landing""}]"
"Jai Bhim Nagar, Meerut - UPPCB",Meerut,IN,2019-12-19T18:30:00.000Z,2019-12-20T00:00:00+05:30,pm25,116,µg/m³,28.9535882,77.7622941,"[{""name"":""Central Pollution Control Board"",""url"":""https://app.cpcbccr.com/ccr/#/caaqm-dashboard-all/caaqm-landing""}]"
"Loni, Ghaziabad - UPPCB",Ghaziabad,IN,2019-12-19T18:30:00.000Z,2019-12-20T00:00:00+05:30,pm25,418,µg/m³,28.757294,77.278792,"[{""name"":""Central Pollution Control Board"",""url"":""https://app.cpcbccr.com/ccr/#/caaqm-dashboard-all/caaqm-landing""}]"
"Sanjay Nagar, Ghaziabad - UPPCB",Ghaziabad,IN,2019-12-19T18:30:00.000Z,2019-12-20T00:00:00+05:30,pm25,274,µg/m³,28.685382,77.453839,"[{""name"":""Central Pollution Control Board"",""url"":""https://app.cpcbccr.com/ccr/#/caaqm-dashboard-all/caaqm-landing""}]"
"Talkatora District Industries Center, Lucknow - CPCB",Lucknow,IN,2019-12-19T18:30:00.000Z,2019-12-20T00:00:00+05:30,pm25,228.7,µg/m³,26.83399722,80.8917361,"[{""name"":""Central Pollution Control Board"",""url"":""https://app.cpcbccr.com/ccr/#/caaqm-dashboard-all/caaqm-landing""}]"
"BWSSB Kadabesanahalli, Bengaluru - CPCB",Bengaluru,IN,2019-12-19T18:30:00.000Z,2019-12-20T00:00:00+05:30,pm25,57.01,µg/m³,12.9352049,77.6814488,"[{""name"":""Central Pollution Control Board"",""url"":""https://app.cpcbccr.com/ccr/#/caaqm-dashboard-all/caaqm-landing""}]"
"Aya Nagar, Delhi - IMD",Delhi,IN,2019-12-19T18:30:00.000Z,2019-12-20T00:00:00+05:30,pm25,190.29,µg/m³,28.4706914,77.1099364,"[{""name"":""Central Pollution Control Board"",""url"":""https://app.cpcbccr.com/ccr/#/caaqm-dashboard-all/caaqm-landing""}]"
"Karve Road, Pune - MPCB",Pune,IN,2019-12-19T18:30:00.000Z,2019-12-20T00:00:00+05:30,pm25,117,µg/m³,18.5011743,73.8165527,"[{""name"":""Central Pollution Control Board"",""url"":""https://app.cpcbccr.com/ccr/#/caaqm-dashboard-all/caaqm-landing""}]"
"Alandur Bus Depot, Chennai - CPCB",Chennai,IN,2019-12-19T18:30:00.000Z,2019-12-20T00:00:00+05:30,pm25,50.92,µg/m³,12.9099161,80.1076538,"[{""name"":""Central Pollution Control Board"",""url"":""https://app.cpcbccr.com/ccr/#/caaqm-dashboard-all/caaqm-landing""}]"
"BTM Layout, Bengaluru - CPCB",Bengaluru,IN,2019-12-19T18:30:00.000Z,2019-12-20T00:00:00+05:30,pm25,19.66,µg/m³,12.9135218,77.5950804,"[{""name"":""Central Pollution Control Board"",""url"":""https://app.cpcbccr.com/ccr/#/caaqm-dashboard-all/caaqm-landing""}]"
"North Campus, DU, Delhi - IMD",Delhi,IN,2019-12-19T18:30:00.000Z,2019-12-20T00:00:00+05:30,pm25,327.82,µg/m³,28.6573814,77.1585447,"[{""name"":""Central Pollution Control Board"",""url"":""https://app.cpcbccr.com/ccr/#/caaqm-dashboard-all/caaqm-landing""}]"
"Sector - 62, Noida - IMD",Noida,IN,2019-12-19T18:30:00.000Z,2019-12-20T00:00:00+05:30,pm25,435.26,µg/m³,28.6245479,77.3577104,"[{""name"":""Central Pollution Control Board"",""url"":""https://app.cpcbccr.com/ccr/#/caaqm-dashboard-all/caaqm-landing""}]"
"CRRI Mathura Road, Delhi - IMD",Delhi,IN,2019-12-19T18:30:00.000Z,2019-12-20T00:00:00+05:30,pm25,347.84,µg/m³,28.5512005,77.2735737,"[{""name"":""Central Pollution Control Board"",""url"":""https://app.cpcbccr.com/ccr/#/caaqm-dashboard-all/caaqm-landing""}]"
"Lodhi Road, Delhi - IMD",Delhi,IN,2019-12-19T18:30:00.000Z,2019-12-20T00:00:00+05:30,pm25,240.45,µg/m³,28.5918245,77.2273074,"[{""name"":""Central Pollution Control Board"",""url"":""https://app.cpcbccr.com/ccr/#/caaqm-dashboard-all/caaqm-landing""}]"
